Code,Position,Sequence,Class
P11983,277,ESDITKERIQKILATGANVIL,0
Q8BLF2,364,RAKELKVRVIKAKGGKGDVPD,0
P14869,16,RATWKSNYFLKIIQLLDDYPK,0
Q3UJB0,490,SVPVPRHWCFKRKYLQGKRGI,0
P12790,25,LFLLLVRGHAKIHGHLPPGPH,0
Q86UP2,701,HEISNKMEEFKILNDQNKALK,0
Q5T4S7,3585,TVKIGDLKRTKMVRTINLYYN,0
O55143,218,LFSGTNIAAGKAMGVVVATGV,0
Q69ZK0,582,MHHVLEKSEFKDESQYFRFHA,0
E9QNN1,223,SFIAEMTIYIKQLGRRIFARE,0
O55143,158,GDIVEIAVGDKVPADIRLTSI,0
P11983,259,GVQVVITDPEKLDQIRQRESD,0
P16460,260,LFMYLNEVAGKHGVGRIDIVE,0
Q6PKG0,1017,IDPKLQEYLGKFRRLEDFRVD,0
Q3UJB0,335,ASSESSGDREKDSGRSRGSDP,0
P05387,94,AGSAPAAAEEKKDEKKEESEE,0
P11881,583,YIAKQFGFMQKQIGYDVLAED,0
P16015,251,VGNWRPPQPVKGRVVRASFKX,0
E9QNN1,500,MFCTVGVLLRKLEAGIRGISH,0
Q5T4S7,959,DSVACDVLFSKLVKYDELYAA,0
Q9EQP2,331,MPNMFGKENKKRELIYRLPEI,0
P06733,434,AGRNFRNPLAKXXXXXXXXXX,0
Q9QWY8,454,TGENSLEDLTKAIIEDVQRLP,0
Q8BMS1,570,RILQEGVDPKKLDALTTGFGF,0
Q922Q1,234,DLNTRLKKKVKMEYFRPNIVV,0
O55143,712,DGVNDAPALKKSEIGIAMGSG,0
Q9QXX4,409,LLGVAPEKAIKLTVNDFVRDK,0
Q6P8V7,76,GENYVQELLEKASNPKILSSC,0
P97351,28,KKKVVDPFSKKDWYDVKAPAM,0
P17844,328,DVCHDVEKDEKLIRLMEEIMS,0
Q69ZK0,1461,SLRLHTVLFTKALESVEGPPP,0
D3YYI5,107,ESTGVFTTMEKAGAHLFVTGA,0
B1AS29,171,HAILDLVQSLKWRSATVVYDD,0
Q69ZK0,856,VYEYMSTAGAKCHVLEKIVEP,0
P51814,688,ECSDCGKCFTKKSQLRVHQKI,0
Q9H1E3,165,KMVKKSKPERKEKKMPKPRLK,0
Q5T4S7,5176,SEITDPESFLKDLLNSVPXXX,0
P16015,39,SPIELHTKDIKHDPSLQPWSA,0
P11881,258,EKFLTCDEHRKKQHVFLRTTG,0
P11983,499,DLVHGKPRDNKQAGVFEPTIV,0
O55143,757,EEGRAIYNNMKQFIRYLISSN,0
Q5T4S7,4259,VEVESIKRHFKSRLVGTVLNG,0
P97351,20,TKGGKKGAKKKVVDPFSKKDW,0
Q5T4S7,871,IFDYLLHQYSKAPVYLFEQVQ,0
Q9EP89,270,NNEKSDAPKAKVEQDSEARCR,0
P62814,489,IGWQLLRIFPKEMLKRIPQST,0
Q9Y597,299,NQLVATSHTGKVGVWNAVTQH,0
Q922Q1,323,PLFGMYFSVEKLGSLRVGDPV,0
Q9QWY8,561,MTVRKEYITAKYVDHRFSRKT,0
P0DMV8,415,TAGGVMTALIKRNSTIPTKQT,0
Q3UJB0,475,AQDPKLLVHLKATRNSVPVPR,0
Q6P6M7,463,RLDKCLNIVRKEQTRASVVSG,0
P68104,180,IVKEVSTYIKKIGYNPDTVAF,0
Q9QWY8,209,TGAEIAEEMEKERRLFQLQMC,0
Q9D020,305,LNDRVDELLEKYMDSYDIVLV,0
Q9Y597,503,ERDDQQVFIQKVVPITNKLFV,0
Q8BMS1,728,FRFVDLYGAQKVVDRLRKYES,0
P06733,71,GVSKAVEHINKTIAPALVSKK,0
P06733,233,GLELLKTAIGKAGYTDKVVIG,0
Q5T4S7,1192,NEEGTTEKPSKEKLQGFAAVL,0
Q86UP2,209,ETKQESGSGKKKASSKKQKTE,0
P51814,768,ERHYECSKCGKAFIQKATLSM,0
P02088,18,EKAAVSCLWGKVNSDEVGGEA,0
Q5T4S7,1194,EGTTEKPSKEKLQGFAAVLAI,0
P16879,540,LLSSQQPLTKKSGVVLFRAVP,0
Q9EQP2,380,DFTKFHSLKPKLIEAVDNMLT,0
Q8BH04,85,ALLEEQGLIRKLPKYKNCWLA,0
P62908,10,XMAVQISKKRKFVADGIFKAE,0
P05387,98,PAAAEEKKDEKKEESEESDDD,0
Q6PKG0,367,THFDYQFGYRKFDGVEGPRTP,0
P0DMV8,271,RRLRTACERAKRTLSSSTQAS,0
Q3UNI1,267,KDPRPFFKFAKEIYPGQFQPS,0
Q3UNI1,561,FKAVGSSTADKNERTSVAETV,0
Q5JSZ5,251,APSSACTSDSKDPSLRPAQPV,0
P16015,167,QILLDALDKIKTKGKEAPFTH,0
P16460,215,GLYTKTQDPAKAPNSPDVLEI,0
Q9Y619,270,EGITALYSGLKPTMIRAFPAN,0
P11881,705,EVWLFWRDSNKEIRSKSVREL,0
Q64FW2,588,GALLCSSAILKRNLYSDLQAL,0
Q5T4S7,3067,RLLSVFMSRTKSGSKSSICES,0
Q9QWY8,815,APPLPPRNAGKGPTGPPSTLP,0
Q99L47,50,GKVPPATHKAKSEENTKEEKR,0
P12790,466,NFSVASPVAPKDIDLTPKESG,0
Q9QXX4,423,NDFVRDKFMHKDGSVPLLAEI,0
P48962,49,QHASKQISAEKQYKGIIDCVV,0
P16879,139,KTHSQDIEKLKTQYRTLVRDS,0
P11881,1321,FLQTIVKAEGKFIKKCQDMVM,0
P11881,1544,SCIRVLSDVAKSRAIAIPVDL,0
Q91V76,144,NPADGACLLEKYSQKYHDFGC,0
Q3UJB0,860,HAAKQKQKKRKAQPQDSRGGS,0
P61982,88,KIEMVRAYREKIEKELEAVCQ,0
P23881,245,NRVRSRISNLKDPRNPGLRRN,0
Q5JSZ5,944,GRTRRSGPIKKPVLKALKVED,0
O88844,345,AWSRGLAHRAKLDNNTELSFF,0
Q5T4S7,2563,QCLNTSSKEGKDLDPEVFQRL,0
Q9EQF5,205,NGDLIAEGAKKMLALGITGPE,0
A2AQC3,823,VVCCRCAPTQKAQIVRLLQER,0
Q8BLF2,347,LLYGNPSLYGKEVDRDKRAKE,0
Q5T4S7,4255,LSSFVEVESIKRHFKSRLVGT,0
Q86UP2,120,SVRERKKKEKKQKPVLEEQVI,0
P68104,376,AHIACKFAELKEKIDRRSGKK,0
Q69ZK0,477,ENGIIHHVSDKHQFKNEQVMY,0
P97351,222,VRKVKMLKKPKFELGKLMELH,0
Q69ZK0,1623,KQGPRVEILAKNLRIKDPMPQ,0
P35585,61,AHGGVRFMWIKHNNLYLVATS,0
G3UYJ7,250,FPLEAWQIGKKGTXXXXXXXX,0
P26040,79,EVRKENPVQFKFRAKFYPEDV,0
P0DMV8,559,MKSAVEDEGLKGKISEADKKK,0
E9PZS8,134,ALYMASQPRNKXXXXXXXXXX,0
Q8BLF2,52,SVNKIATREIKFLKQFRHENL,0
P0DMV8,451,QVYEGERAMTKDNNLLGRFEL,0
Q3UL97,10,XMESPDRKRQKVLKAKKTMPT,0
Q9QXX4,245,KIYSTLAGNRKDVEVTKEEFA,0
Q86UP2,46,EVLAKQKREQKLIPTKTDKKK,0
Q6PKG0,871,SYGCTPQSLPKFQHPSHELLK,0
Q8C196,1224,TISQGAIEKVKDATRKIAKAF,0
Q5T4S7,3718,YARFDFMLYAKPCCAVDPIEN,0
P15259,195,AHGNSLRGIVKHLEGMSDQAI,0
Q5JSZ5,1513,LPEASSKKAEKEAKLAAPRAG,0
P11881,1691,MMTKDRGYGEKQISIDESENA,0
Q9EP89,398,VNTPYVDNSYKWAGGGFLSTV,0
Q5JSZ5,734,QNCVPPLQERKVTPIDSPPVW,0
E9PZS8,91,PLANNGTFVQKADGFHLKRGL,0
Q9QWY8,693,QNGETALDIAKRLKATQCEDL,0
A6ZI44,207,ADFAKWRCVLKIGEHTPSALA,0
Q3UL97,180,SEAMNLNVTQKSVKSRSKRIS,0
P23881,22,KKLEKMVSRKKTEGALDLLKK,0
Q8BMS1,163,AIACQYRIATKDRKTVLGVPE,0
Q9DAY2,232,KYILLQLRLLKCLITGKDCXX,0
P51814,305,SHKQAPTHHQKIHPEEKLYVC,0
P14824,113,DAISGVGTDEKCLIEILASRT,0
P47806,387,TDPSSLRKHVKTVHGPDAHVT,0
P62814,510,LSEFYPRDSAKHXXXXXXXXX,0
P41216,676,IDNGLLTPTLKAKRPELRNYF,0
Q5T4S7,986,AGSQLDTVRRKENKNVTALEA,0
Q5T4S7,920,GFKEVEENWSKHFSSDAVPHP,0
Q9D020,329,SLEVVNSILQKTLXXXXXXXX,0
P17844,264,LDMGFEPQIRKIVDQIRPDRQ,0
Q8C196,1356,FLKAMLSTGFKIPQKGILIGI,0
P47806,192,LKSELDMMVGKCPEDPLEGDM,0
A2AQC3,730,TLETLRNAGIKVWMLTGDKLE,0
Q5JSZ5,1414,GLSGASLGEKKELAKRSFSSQ,0
P17844,207,KSTCIYGGAPKGPQIRDLERG,0
Q8BMS1,534,SAVAVGLRQGKVIIVVKDGPG,0
Q8C196,350,ALDNTLPAGWKPLFVNVNDQT,0
Q60932,126,FSPNTGKKNAKIKTGYKREHI,0
Q5JSZ5,10,XMSDRLGQITKGKDGKSKYST,0
Q5RL73,133,PEFETVEETRKKLQMRKAYVV,0
P16879,163,RRKYQEASKDKDRDKAKDKYV,0
Q922Q1,266,DELLIGDVEMKRVLSCPRCVL,0
Q3UJB0,405,KMESSAVPKKKGFEEEHKDSD,0
Q64FW2,601,LYSDLQALGSKVKAQKKKMXX,0
P11881,1388,VELLAVCTEGKNVYTEIKCNS,0
P49006,90,VPPKETPKKKKKFSFKKPFKL,0
Q86UP2,1285,ERQKVAGDLHKAQQSLELIQS,0
P41216,504,DVEEMNYLASKGEGEVCVKGA,0
Q5JSZ5,90,VPKDGTGWANKQDQQDPKSSS,0
P41216,398,RWLLDFASKRKEAELRSGIVR,0
P0DMV8,493,NGILNVTATDKSTGKANKITI,0
P31786,84,YVEKVDELKKKYGIXXXXXXX,0
Q5T4S7,989,QLDTVRRKENKNVTALEACAL,0
Q5JSZ5,865,LEPDFVPDEKKPECGSWDVSH,0
P11983,227,NCVVGSQGMPKRIVNAKIACL,0
Q9Y619,292,ALFLAYEYSRKLMMNQLEAYX,0
P0DMV8,589,SWLDANTLAEKDEFEHKRKEL,0
P11881,2027,LGLLGLYINEKNVALINQTLE,0
Q922Q1,193,DTSMKGRTTKKLYPSESYLQN,0
Q69ZK0,1058,QQDRGLSFLLKQEDREIQDAY,0
P14824,483,INEAYKEDYHKSLEDALSSDT,0
P35585,396,TTSGIQVRYLKIIEKSGYQAL,0
Q9QWY8,578,SRKTCASSSAKLNELLEAIKS,0
Q93092,269,LLGELLKDNSKLAPALSVKAA,0
Q6P6M7,443,YLNAAAAIGMKMQDVDLFIKR,0
P12710,99,NKMVTTFKGIKSVTELNGDTI,0
Q920E5,223,AMYMAGIDGEKEHANALKILM,0
P26040,357,LMLRLQDYEQKTKRAEKELSE,0
A6ZI44,68,PYPALTPEQKKELSDIAHRIV,0
Q86UP2,1299,SLELIQSKIVKAAGDTTVIEN,0
Q9QXX4,380,LMYKNSFDCFKKVLRYEGFFG,0
B1AS29,382,EGLTGRIVFNKTSGLRTDFDL,0
P14869,92,IRGNVGFVFTKEDLTEIRDML,0
Q8BMS1,631,QMVSKGFLGRKSGKGFYIYQE,0
P51814,572,EKPYMCAECGKAFTDQSNLIK,0
Q6PKG0,193,AHKSVQPQSHKPQPTRKLPPK,0
P26040,412,ELERQAQDQIKSQEQLAAELA,0
Q9EQP2,508,MLDEEEFALAKHLIKIKLDGY,0
Q3UL97,248,SITSEQTEIRKNTSRNLSNSP,0
Q5T4S7,781,QGDPDVPECLKVWDRFLSTMK,0
P06733,406,GAPCRSERLAKYNQLLRIEEE,0
Q5JSZ5,403,EEEVVKDGRPKWNSWDPRRQR,0
G3UYJ7,76,SVAILLYLSRKYKAPDHWYPQ,0
P07724,65,LQKCSYDEHAKLVQEVTDFAK,0
Q3UJB0,539,QKTMKSKMREKVRPKMGKIDI,0
Q8VD72-2,509,VDTQHLIKQLKQHFAMLXXXX,0
Q3UL97,206,PLNSSEKAGRKTNLPSTCVEF,0
Q6PKG0,199,PQSHKPQPTRKLPPKKDMKEQ,0
A2AQC3,223,IQVGDLILVEKNQRVPADMIF,0
P14869,63,VLMGKNTMMRKAIRGHLENNP,0
Q9Y619,204,SRSFFASGRSKDELGPVPLML,0
D3YYI5,86,VFQERDPTNIKCGEAGAEYVM,0
Q8BH04,90,QGLIRKLPKYKNCWLARTDPK,0
Q6PKG0,805,SQTSRFYPVVKEGRTLDAKMP,0
P11881,1884,VTVNTSDLGNKKKDDEVDRDA,0
Q5T4S7,3816,DCKNSFDELSKIIQKVFASRK,0
Q5JSZ5,955,PVLKALKVEDKEKELEKIKQE,0
Q86UP2,1163,LQRSVEQEENKWKVKVDESHK,0
Q6PKG0,753,QQVPTDALANKLFGAPEPSTI,0
Q5JSZ5,1146,SEGSEYEELPKRRRQRGSENG,0
Q6PKG0,1096,SQHSNTQTLGKXXXXXXXXXX,0
Q5T4S7,4387,PGIGPLMRDIKNKICQDCDLV,0
P14618,505,NVGKARGFFKKGDVVIVLTGW,0
Q8BMS1,46,LTRTHINYGVKGDVAVIRINS,0
Q86UP2,1035,QRKKNNDLREKNWEAMEALAS,0
Q3UL97,371,TSIALTWNIPKVNPNCAPVES,0
Q5T4S7,1084,LASTTKCSSVKYDVEIVEEYF,0
Q91V76,76,PYLLPLVNKKKVYDLNEIAKV,0
Q3UNI1,581,VRKCWPNRLAKEQISKRLEGN,0
Q5T4S7,3871,VLGCGHTSSTKCYGCASAVTE,0
Q5T4S7,4873,ALEEMENKPRKQQGYSTVSHF,0
P68104,30,KSTTTGHLIYKCGGIDKRTIE,0
Q5T4S7,791,KVWDRFLSTMKQNALQGVVPS,0
O55143,543,KVPMTPGVKQKIMSVIREWGS,0
Q6PKG0,998,YGLEKFWAFLKYSKAKNLDID,0
P16015,171,DALDKIKTKGKEAPFTHFDPS,0
Q6PKG0,819,TLDAKMPRKRKTRHSSNPPLE,0
Q69ZK0,700,RRPLRLLVATKAKETIKVPDH,0
P14618,141,EVELKKGATLKITLDNAYMEK,0
P11881,2078,LILNDINPLGKKRMDLVLELK,0
P05387,61,IEDVIAQGIGKLASVPAGGAV,0
Q9QWY8,867,PSPLPHGPPNKGAIPWGNDVG,0
Q5T4S7,2100,NVLEINHEDLKDSNSQVAGGG,0
P05387,49,LNKVISELNGKNIEDVIAQGI,0
P11881,181,SIGDSVVIGDKVVLNPVNAGQ,0
P11881,1164,KTEEGTSKPLKHESTSSYNYR,0
P51814,254,SHNHNRNSATKNLGKIFGNGN,0
Q8C196,310,TGLAAGAKSYKMSMANRGQNQ,0
P14618,162,CDENILWLDYKNICKVVEVGS,0
Q3UL97,57,PNGHNQKMFSKNKENVKVMKV,0
Q86UP2,168,AAASKKKPGQKKSKNGSDDQD,0
Q6PKG0,465,SLIFAALKDSKVVEIVDEKVR,0
D3YYI5,146,VNHEKYDNSLKIVSNASCTTN,0
Q5T4S7,5140,NDMPIYEAADKALKTFQEEFM,0
P41216,420,NSLWDKLIFHKIQSSLGGKVR,0
Q8BLF2,251,QVQHPKTARKKYPKLNGLLAD,0
P26040,546,NELSQARDENKRTHNDIIHNE,0
P22752,128,PKKTESHHKAKGKXXXXXXXX,0
Q8C196,875,DEIVRLTSIDKWFLYKMRDIL,0
P61982,152,KRATVVESSEKAYSEAHEISK,0
Q5T4S7,4413,DSGMELLVNNKIISLDLPVAE,0
Q3UJB0,386,FKLTDDVKKEKEKEPEKLDKM,0
P62814,81,IVHLTLPDGTKRSGQVLEVSG,0
P26040,72,DKKVSAQEVRKENPVQFKFRA,0
Q5T4S7,1708,CHKDHEISYAKYGSFFCDCGA,0
P11983,321,VLKRDLKHVAKASGASILSTL,0
Q9D020,164,LLIEQGIPKAKLKEIVADSDV,0
P11983,180,NMVVDAVLAVKYTDARGQPRY,0
O09172,218,DIQLLTHNDPKELLSEASFQE,0
P11881,350,SRSRLRNAQEKMVYSLVSVPE,0
Q9BYV9,400,GNYGQPHVGQKEVSNFTMGSP,0
P41216,512,ASKGEGEVCVKGANVFKGYLK,0
P23881,12,GLEEELLRIAKKLEKMVSRKK,0
Q9Y597,578,DLTTAMDMVNKSEDKDVGGPT,0
P68104,255,PLRLPLQDVYKIGGIGTVPVG,0
O55143,30,ESTGLSLEQVKKLKERWGSNE,0
Q64FW2,480,FEEWQEEPKGKRGVDYETLKN,0
Q3UL97,202,VNHTPLNSSEKAGRKTNLPST,0
Q9C026,162,EGVIDRYQQSKAAALKCQLCE,0
Q91V76,213,MGGTFIVQKGKVKAHIMPAEF,0
Q5T4S7,3577,GSHTISKVTVKIGDLKRTKMV,0
Q69ZK0,206,KYPLLLKELAKRTPGKHPDHT,0
O88844,321,TVTRHYRMYQKGQETSTNPIA,0
Q5T4S7,459,SRTKEGVGSPKLGPGKGHQGF,0
P07724,569,HKPKATAEQLKTVMDDFAQFL,0
Q9DAY2,124,HINIEIASYLKTLINFVGSWI,0
Q3UL97,295,YSIESPSFTLKSTSKAVLRSK,0
P07724,604,TEGPNLVTRCKDALAXXXXXX,0
P97351,27,AKKKVVDPFSKKDWYDVKAPA,0
P11881,624,EIDTFVSLVRKNREPRFLDYL,0
Q99L47,209,EAAHDLALACKLDYDEDASAM,0
O55143,510,PNKPSRTSMSKMFVKGAPEGV,0
Q5T4S7,2152,EVLQLFPINIKSSNGGSKTSP,0
P60174,231,EVHEKLRGWLKSNVSDAVAQS,0
P18894,115,FWKNAVLGFRKLTPSEMDLFP,0
P14869,146,SFFQALGITTKISRGTIEILS,0
P11881,2190,DGDEALEFYAKHTAQIEIVRL,0
Q3UJB0,315,EKNRKRRNRKKKKKPQRVRAA,0
Q5JSZ5,2035,FPGMQPLEMVKPQSGSPYQPM,0
P47857,475,SKLGTKRTLPKKNLEQISANI,0
Q5T4S7,4792,DAARRETRAEKKRMAMAMRQK,0
Q5T4S7,4061,EIHAQAQLWLKRDPKASYDAW,0
Q5T4S7,1210,AVLAIGSSRCKANTLGPTLVQ,0
Q6P6M7,40,HLIRLLLEQGKCPEDGWDEST,0
Q86UP2,1140,TLLQLECEKYKSVLAETEGIL,0
A6ZI44,201,QYKKDGADFAKWRCVLKIGEH,0
P11881,1885,TVNTSDLGNKKKDDEVDRDAP,0
Q5JSZ5,26,SKYSTLSLFDKYKGKSVDAIR,0
A2AQC3,607,LQVFPFTYESKRMGIIVRDES,0
P97351,145,LRLFCVGFTKKRNNQIRKTSY,0
Q8BLF2,180,ELVLKDTSYGKPVDIWALGCM,0
Q8C196,453,YSGSQAVKAMKEENVKTVLMN,0
Q8BMS1,390,SVDKGLKTLLKDTTVTGLGRG,0
Q5T4S7,2698,CPDPAVSFSCKQALIRVLRPR,0
Q86UP2,122,RERKKKEKKQKPVLEEQVIKE,0
Q69ZK0,306,CKRKSRVTGSKKSTKRTKSIN,0
P68104,378,IACKFAELKEKIDRRSGKKLE,0
Q69ZK0,748,AGLCAGQCILKVNGTSVANDG,0
Q9QWY8,696,ETALDIAKRLKATQCEDLLSQ,0
P11214,389,GEEEQTFEIEKYIVHEEFDDD,0
Q9QWY8,850,KRPPPPPPGHKRTLSDPPSPL,0
P41216,114,SNNGPCLGSRKPNQPYEWISY,0
Q69ZK0,1519,LPTDAGATAVKIDQLIRPINA,0
P18894,335,ANLFGKILEEKKLSRLPPSHL,0
P11881,1128,DLDQLRSIVEKSELWVYKGQG,0
P0DMV8,88,FGDPVVQSDMKHWPFQVINDG,0
P11881,475,ITQNERRSVTKLLEDLVYFVT,0
Q9D020,162,HGLLIEQGIPKAKLKEIVADS,0
Q8C196,1070,IPNNLAVPLYKNGVKIMGTSP,0
Q9QWY8,256,AQCNFFQDGLKTADKLKQYIE,0
C9J5S8,137,KEAYEREVSLKRPLGNSPGER,0
Q86UP2,40,KETLYDEVLAKQKREQKLIPT,0
Q5RL73,293,ERKRRREDDRKLGTFLQTNPT,0
Q9EP89,474,YAMAWGVVEKKQTYGSCRKQR,0
Q5T4S7,3487,LKTPQTEKKLKEYSQKAVEIL,0
Q5RL73,336,LNTTANLIRHKLKEVISSVPK,0
Q9BYV9,464,LDKDLSEPVPKGLWVGAGQSL,0
Q9EP89,460,PVPNTEMSWDKEGKYAMAWGV,0
Q922Q1,230,ASLVDLNTRLKKKVKMEYFRP,0
Q3UNI1,188,INILSEPPKRKKRKDINTIED,0
Q5JSZ5,1749,PGPIGNERSLKNRKGSEGAER,0
P16460,53,DFEEARKKALKLGAKKVFIED,0
Q9QWY8,336,GYSMHQLQGNKEYGSEKKGFL,0
Q920E5,194,DLGRYTEKRYKSIVKYKTAFY,0
P97351,109,NFHGMDLTRDKMCSMVKKWQT,0
Q8BH04,491,ESTAAAEHKGKTIMHDPFAMR,0
Q5T4S7,5109,LVDLIYNMFKKVPTSNTEGGW,0
P14824,644,LLNIRREFIEKYDKSLHQAIE,0
Q69ZK0,361,TNGWKIHNTAKNKWFVCMAKT,0
Q5T4S7,4860,TKVLGIYTFTKRVALEEMENK,0
Q5T4S7,2608,QMETEGMDEGKEPQKQLEGDC,0
P23881,96,KGEREEREKAKKEKGLGCSDW,0
P17844,197,AAEYCRACRLKSTCIYGGAPK,0
Q5T4S7,1683,NQHWYHCHTCKMVDGVGVCTV,0
Q6PKG0,251,GGQKKKGNKHKWVPLQIDMKP,0
Q9EP89,384,NRARFYVYNKKKRLVNTPYVD,0
Q6P6M7,127,ITNSLVLNVIKLAGVHSVASC,0
P51814,311,THHQKIHPEEKLYVCTECVMG,0
E9QNN1,736,NDVVYVIDSCKQKVKLFTAHN,0
P06733,120,AILGVSLAVCKAGAVEKGVPL,0
Q5JSZ5,622,GSPAQEFKYQKSLPPRFQRQQ,0
Q8C196,287,NVKKILESDRKEPLFGISTGN,0
Q5T4S7,1579,KYLSQKNVVEKLNANVMHGKH,0
E9QNN1,1060,EKIRTRAISAKGMTLVTPLQL,0
P11214,245,LPWNSIVLMGKSYTAWRTNSQ,0
Q5JSZ5,1697,SQRSSPYGTLKPEEMSGPGLA,0
Q8C196,935,EAQTRELRLKKNIHPWVKQID,0
Q86UP2,716,QNKALKSEVQKLQTLVSEQPN,0
Q8BLF2,308,ELRAKLLQEAKVNSFIKPKEN,0
Q8BMS1,66,SPNSKVNTLNKEVQSEFIEVM,0
Q5JSZ5,2218,ASQMKRTGAIKPRAVKVEESK,0
P11983,365,RICDDELILIKNTKARTSASI,0
Q64FW2,182,RKEYIQGLKKKFPKEEAVIDK,0
P68104,385,LKEKIDRRSGKKLEDGPKFLK,0
P51814,216,ERGYEHKNIEKIIHVTTKLVP,0
Q69ZK0,313,TGSKKSTKRTKSINGSLYIFR,0
P06733,202,LKNVIKEKYGKDATNVGDEGG,0
D3YYI5,3,XXXXXXXXMVKVGVNGFGRIG,0
Q69ZK0,299,FDNLLVYCKRKSRVTGSKKST,0
P11214,545,GQKDVPGVYTKVTNYLDWIHD,0
P11881,2706,NLQEKLESTMKLVTNLSGQLS,0
Q5JSZ5,1028,TKFEEEEKPDKAWEARPPRES,0
Q922Q1,97,KVRDRFWMVVKEDGHMVTARQ,0
Q9C026,176,LKCQLCEKAPKEATVMCEQCD,0
Q5RL73,233,DSSKDGRNHHKTMGHYNHNDS,0
O55143,397,STYAPIGEVQKDDKPVKCHQY,0
P14824,620,KSMKGAGTDEKTLTRVMVSRS,0
E9QNN1,155,GANLKDYYSRKEEQEVQATLE,0
Q86UP2,614,ELHKVIAEKDKQIKQTEDSLA,0
Q64FW2,417,YYVYFDTDMDKAMERYVSMPK,0
P35585,298,HSRIEYMVKAKSQFKRRSTAN,0
Q8BH04,88,EEQGLIRKLPKYKNCWLARTD,0
P14618,206,EVENGGSLGSKKGVNLPGAAV,0
P48962,147,ARTRLAADVGKGSSQREFNGL,0
Q3UJB0,826,LELDPMAMTQKYEEHVREQQA,0
Q5JSZ5,1468,SQQNGTPLKVKRSPDEALPGG,0
P51814,223,NIEKIIHVTTKLVPSIKRLHN,0
Q6PKG0,326,WHDQDETSSVKSDGAGGARAS,0
P0DMV8,500,ATDKSTGKANKITITNDKGRL,0
P15259,113,TAAKHGEEQVKIWRRSFDIPP,0
Q69ZK0,355,SNGYTVTNGWKIHNTAKNKWF,0
Q69ZK0,84,IRQNVADSVEKGLTEENVKVL,0
Q5T4S7,165,MKSAKLPQTVKTLSDVEDQKE,0
P35585,370,FGLPSVEAEDKEGKPPISVKF,0
E9QNN1,76,VNYLVRINEVKSEEVPAVGIV,0
P47806,965,SGFAPASANHKSGSYPAPSPC,0
P11881,1317,QYIKFLQTIVKAEGKFIKKCQ,0
P60174,168,GLGVIACIGEKLDEREAGITE,0
Q69ZK0,92,VEKGLTEENVKVLFSNIEDIL,0
P17844,411,ASRGLDVEDVKFVINYDYPNS,0
Q5T4S7,3401,LCTALVNQLNKFADKETLIQF,0
Q9BYV9,222,VPTDTKESSEKDALTQYPRYK,0
Q8C196,831,DGFTPRLPMNKEWPANLDLKK,0
Q86UP2,377,ERSNVVITRMKDRIGTLEKEH,0
Q9EQF5,165,VNSFKMFMAYKGLYMVQDEQL,0
P68104,179,EIVKEVSTYIKKIGYNPDTVA,0
A2AQC3,747,DKLETATCTAKNAHLVTRNQD,0
A6ZI44,162,IKSKGGVVGIKVDKGVVPLAG,0
Q8BMS1,605,VAQHVAEDLGKAFGERFGGGS,0
P11881,2719,TNLSGQLSELKDQMTEQRKQK,0
C9J5S8,118,SHGVLLGRFQKDISQGLKFKE,0
Q8C196,840,NKEWPANLDLKKELSEPSSTR,0
P35585,168,SWRSEGIKYRKNEVFLDVIEA,0
P35585,141,LQEYITQEGHKLETGAPRPPA,0
P07724,409,AEFQPLVEEPKNLVKTNCDLY,0
P15259,228,YELNKELKPTKPMQFLGDEET,0
Q8VD72-2,207,EYILHHENDVKMALDLASLST,0
Q5T4S7,3745,AVSNINTLLDKADRVYHQLMG,0
P49006,77,PAPPSQGAEAKGEVPPKETPK,0
P26443,390,IPAASEKQLTKSNAPRVKAKI,0
Q5T4S7,2271,SVISIMKPVRKRKTATITTRT,0
Q8C196,1387,VAEQLHNEGFKLFATEATSDW,0
Q9EQP2,478,VNAKKEMVTSKLPNSVLGKIW,0
A2AQC3,257,TDQLDGETDWKLRLPVACTQR,0
Q86UP2,1215,EREHLEMELEKAEMERSTYVT,0
P11881,1098,SQRQEVLQAFKQVQLLVTSQD,0
Q86UP2,63,DKKKAEKKKNKKKEIQNGNLH,0
P51814,753,TWKSRLNIHQKSHTGERHYEC,0
P51814,507,NTHQRIHTGEKPYECSDCGKS,0
Q69ZK0,535,KDRDYHLKTYKSVVPGSKLVD,0
E9QNN1,33,IRAVGNKNRQKFMCEVRVEGF,0
Q3UL97,63,KMFSKNKENVKVMKVSEQINE,0
P17844,375,GWPAMGIHGDKSQQERDWVLN,0
Q8C196,1269,RASRSFPFVSKTLGVDFIDVA,0
Q920E5,266,GKVGTDIQDNKCSWLVVQCLL,0
Q9QWY8,555,PTPSSDMTVRKEYITAKYVDH,0
P14869,162,IEILSDVQLIKTGDKVGASEA,0
P26040,359,LRLQDYEQKTKRAEKELSEQI,0
Q920E5,293,RQILEENYGQKDPEKVARVKA,0
Q5JSZ5,1019,GHATFGREATKFEEEEKPDKA,0
Q9QXX4,56,NIFGESQPNPKTVELLSGVVD,0
Q9QWY8,182,DYETKFTKIEKEKREHAKQHG,0
P62814,436,YAIGKDVQAMKAVVGEEALTS,0
Q5T4S7,2400,TREEALQADKKLNLFIGASVD,0
Q5T4S7,3478,FVDLLGYFSLKTPQTEKKLKE,0
Q5T4S7,2045,PTFYFLLPSSKIRDVTFLFNE,0
Q9D020,36,LAQYIFTLKRKTGRKTKIIEM,0
Q6PKG0,694,FYYEQDLWAEKFEPEYSQIKQ,0
Q8BMS1,383,GAGIAQVSVDKGLKTLLKDTT,0
P48962,296,FVLVLYDEIKKYVXXXXXXXX,0
D3YYI5,261,EKPAKYDDIKKVVKQASEGSL,0
P26040,211,YGINYFEIKNKKGTDLWLGVD,0
P16460,348,IQKSQERVEGKVQVSVFKGQV,0
P11983,532,ITILRIDDLIKLHPESKDDKH,0
B1AS29,145,LRWKHHPLDNKDTFYVNLYPD,0
P0DMV8,384,AVQAAILMGDKSENVQDLLLL,0
Q86UP2,1116,MAGTSGSEEVKVLEHKLKEAD,0
P12790,204,QFLHLLNLMYKIFSLLSSFSG,0
P23881,97,GEREEREKAKKEKGLGCSDWK,0
P17844,388,QERDWVLNEFKHGKAPILIAT,0
Q5T4S7,4820,TTNEKGQVVTKTALLKQMEEL,0
Q69ZK0,1083,TKLDVALKEMKQYVTQINRLL,0
P47806,322,RKSYSRLENLKTHLRSHTGEK,0
P18894,162,TERGVKLIHRKVESLEEVARG,0
Q9BYV9,456,HSYSGVSSLDKDLSEPVPKGL,0
P16879,387,LQAQQELLQSKMEQLGTGEPP,0
Q91V76,236,CPLNSDEAVNKWLHFYEMKAP,0
P18894,141,WFNTSLLLEGKSYLPWLTERL,0
E9QNN1,395,LQERELLPVKKFEAEILEAIS,0
Q9C026,173,AAALKCQLCEKAPKEATVMCE,0
Q8VD72-2,246,YRLGMYREAEKQFKSALKQQE,0
O88844,301,MTSVLICPDGKTVEAEAAHGT,0
P16879,698,NCLVTEKNVLKISDFGMSREE,0
P26443,399,TKSNAPRVKAKIIAEGANGPT,0
Q3UL97,342,APLPEMADKIKDTLPPQKPEL,0
Q8C196,856,PSSTRIYAIAKALENNMSLDE,0
P11881,2599,IDTFADLRSEKQKKEEILKTT,0
Q5JSZ5,1855,MSFPTADLTLKMESARKAWEN,0
Q9C026,402,RVHLTEDQWGKGTLTPRMTTD,0
Q8BLF2,550,GMEVKQIKVLKRESKKTDSSK,0
O55143,328,CLALGTRRMAKKNAIVRSLPS,0
P11881,100,NKLHHAADLEKKQNETENRKL,0
Q9QXX4,663,NKFGLYLPLFKPSASTSKVTA,0
P11983,33,MAAASIANIVKSSFGPVGLDK,0
Q99L47,229,MLREVQPRAQKIAEHRRKYER,0
E9QNN1,711,VFDPVPDGVTKVILSTNIAET,0
Q5JSZ5,977,GEESTRLAKEKEQSPTAEKDE,0
Q8C196,147,SNDYNHWLATKSLGQWLQEEK,0
Q8C196,369,QTNEGIMHESKPFFAVQFHPE,0
P14824,191,VQDLYEAGELKWGTDEAQFIY,0
Q9EP89,385,RARFYVYNKKKRLVNTPYVDN,0
Q9QWY8,283,YNIKQTQDEEKKQLTALRDLI,0
P26040,27,EFAIQPNTTGKQLFDQVVKTI,0
Q9EQP2,448,DEEEWVVAKDKPVYDELFYTL,0
P14824,600,FVAIVQSVKNKPLFFADKLYK,0
P07724,376,SVSLLLRLAKKYEATLEKCCA,0
P12790,276,DTYLLRMEKEKSNHNTEFHHQ,0
Q5T4S7,187,ASPVSPELRQKEVQMNFLNQL,0
P12790,133,TLRRFSLATMKEFGMGKRSVE,0
Q86UP2,56,KLIPTKTDKKKAEKKKNKKKE,0
Q920E5,144,LLEASIYRLLKFYCREQPYYL,0
P51814,731,ITHQKIHTREKPYECGDCGKT,0
Q5T4S7,4962,PTYQLNIHDIKLLFLRFAMEQ,0
P47857,152,DGKITAEEATKSSYLNIVGLV,0
P48962,43,KLLLQVQHASKQISAEKQYKG,0
Q9H1E3,36,YGRDSGPPTKKIRSSPREAKN,0
Q5RL73,157,ENKDHYVTKKKLVTEHKDTED,0
Q3UNI1,361,CPADEPLAIMKPEIVFFGENL,0
Q9QWY8,152,NVIFTLDSLLKGDLKGVKGDL,0
Q86UP2,366,KQLTQEMMTEKERSNVVITRM,0
A2AQC3,680,QDFEARYVQAKLSVHDRSLKV,0
Q3UNI1,291,KFIALSDKEGKLLRNYTQNID,0
Q5RL73,209,CELPLCYFSSKCMCSSGGPVD,0
P06733,420,LLRIEEELGSKAKFAGRNFRN,0
Q8BLF2,547,EMKGMEVKQIKVLKRESKKTD,0
Q9BYV9,217,LPEPDVPTDTKESSEKDALTQ,0
P51814,146,HQSCSGEAIGKMQQQGIPGGI,0
Q8C196,57,HIVLEDGTKMKGYSFGHPSSV,0
P26040,193,LKDSAMLEYLKIAQDLEMYGI,0
P18894,232,YNSPYIIPGSKTVTLGGIFQL,0
Q69ZK0,943,QLKSRVSPPFKQASLEPHPLC,0
Q9DB16,22,KNPAEIVKILKDNLAILEKQD,0
Q8BMS1,359,CKKNKFGAPQKNVQQLAILGA,0
P51814,712,EKPNICAECGKAFTDRSNLIT,0
Q3UL97,183,MNLNVTQKSVKSRSKRISSVN,0
P17844,56,WNLDELPKFEKNFYQEHPDLA,0
P62814,413,KSAIGEGMTRKDHADVSNQLY,0
Q5T4S7,3241,HTLDSHVRGIKKLLEEQGIFL,0
Q86UP2,256,VDKREVIDLLKPDQVEGIQKS,0
Q9BYV9,421,LRGPGLEALCKQEGELDRRSV,0
Q64FW2,37,SSPNPFAEDVKRPPEPLVTDK,0
Q9QWY8,126,TAFVKFSTLTKELSTLLKNLL,0
P14618,475,LYRGIFPVLCKDPVQEAWAED,0
P26443,548,AYVNAIEKVFKVYNEAGVTFT,0
Q9EQP2,165,IDSPGILSGEKQRISRGYDFC,0
Q69ZK0,1020,CITTMAAPSWKCSPAVDEDSQ,0
Q5JSZ5,619,REAGSPAQEFKYQKSLPPRFQ,0
Q5JSZ5,1720,KADSHKEQAPKPSEQKDSEQG,0
Q9QXX4,670,PLFKPSASTSKVTAGDSXXXX,0
A2AQC3,973,LYPELYKDLLKGRPLSYKTFL,0
Q920E5,200,EKRYKSIVKYKTAFYSFYLPI,0
Q5T4S7,605,FEETISPSKEKAAPPPPPPPP,0
P61982,198,NAPEQACHLAKTAFDDAIAEL,0
P11881,130,VIQLLHLKSNKYLTVNKRLPA,0
P06733,162,VINGGSHAGNKLAMQEFMILP,0
P11881,2257,EDLFNEMNWQKKLRAQPVLYW,0
P16879,775,TNQQTREFVEKGHRLPCPELC,0
Q6PKG0,207,TRKLPPKKDMKEQEKGEGSDS,0
P23881,99,REEREKAKKEKGLGCSDWKPE,0
P16879,171,KDKDRDKAKDKYVRSLWKLFA,0
Q5JSZ5,384,GLHEEVDYSEKLKFSDDEEEE,0
Q86UP2,487,KNAEQAATQLKVQLQEAERRW,0
P14824,598,DAFVAIVQSVKNKPLFFADKL,0
P0DMV8,100,WPFQVINDGDKPKVQVSYKGE,0
P12790,53,LLQMDRGGLLKCFIQLQEKHG,0
Q9QWY8,915,GPRVLPKLPQKVALRKTETSH,0
P11983,126,SVISGYRLACKEAVRYINENL,0
Q3UL97,353,DTLPPQKPELKVKWVLRPTSI,0
Q8BMS1,414,VFKGLNDKVKKKALTSFERDS,0
E9QNN1,16,NFLYAWCGKRKMTPAYEIRAV,0
P11214,310,RQYKRPQFRIKGGLYTDITSH,0
Q86UP2,839,KTVQDLKQEIKALKEEIGNVQ,0
P26443,187,VPFGGAKAGVKINPKNYTDNE,0
E9QNN1,596,QFIPPPKDKKKKDKEDDGGED,0
P16460,310,FTMDREVRKIKQGLGLKFAEL,0
P31786,8,XXXMSQAEFDKAAEEVKRLKT,0
Q8BMS1,386,IAQVSVDKGLKTLLKDTTVTG,0
Q3UL97,187,VTQKSVKSRSKRISSVNHTPL,0
P47857,738,DQTDFEHRIPKEQWWLKLRPI,0
Q9QWY8,1019,PKPQLGDLLAKSQAGDVSAKV,0
P06733,89,SKKLNVTEQEKIDKLMIEMDG,0
P14824,607,VKNKPLFFADKLYKSMKGAGT,0
Q5JSZ5,1735,KDSEQGSGQSKEHRPGPIGNE,0
Q8BLF2,254,HPKTARKKYPKLNGLLADIVH,0
P07724,545,SDICTLPEKEKQIKKQTALAE,0
Q8C196,119,TTARDELGLNKYMESDGIKVA,0
Q922Q1,289,VDPDTGIIDRKEPLETLKSYR,0
P14869,50,MQQIRMSLRGKAVVLMGKNTM,0
Q9QWY8,1091,NTGKNKVRRVKTIYDCQADND,0
P47857,386,RSFMNNWEVYKLLAHVRPPVS,0
P16460,239,KGVPVKVTNIKDGTTRTTSLE,0
E9QNN1,624,ICGDEYGPETKLSMSQLNEKE,0
B1AS29,527,APLTITHVREKAIDFSKPFMT,0
Q8C196,1232,KVKDATRKIAKAFAISGPFNV,0
Q9DB16,215,NYDTIFEDYEKLLQSENYVTK,0
B1AS29,681,DSADDLAKQTKIEYGAVKDGA,0
Q5JSZ5,535,CAAKLKQLDQKCKQARKAGEA,0
Q9QWY8,430,IAWISVLTNSKEEALTMAFRG,0
P51814,745,CGDCGKTFTWKSRLNIHQKSH,0
P35585,227,KVLFDNTGRGKSKSVELEDVK,0
Q69ZK0,1252,FPMKHSWQEFKQKEECTVRGR,0
P47857,90,GGTVIGSARCKDFREREGRLR,0
Q69ZK0,377,CMAKTAEEKQKWLDALIRERE,0
P26040,316,KAQAREEKHQKQLERQQLETE,0
P07724,75,KLVQEVTDFAKTCVADESAAN,0
P68104,392,RSGKKLEDGPKFLKSGDAAIV,0
O09172,182,LEQLYQWAQVKPNSNQVNLAS,0
P14618,336,CATQMLESMIKKPRPTRAEGS,0
Q8BLF2,24,SYGTVMKCKHKDTGRIVAIKI,0
Q5JSZ5,484,SMFRQQSIEDKEDKPPPRQKF,0
Q9DB16,33,DNLAILEKQDKKTDKASEEVS,0
P11881,2258,DLFNEMNWQKKLRAQPVLYWC,0
Q5T4S7,4519,LKLFSYCVKVKVNRQQLVKLE,0
P51814,520,ECSDCGKSFTKKSQLHVHQRI,0
P62900,55,ALKEIRKFAMKEMGTPDVRID,0
Q3UJB0,388,LTDDVKKEKEKEPEKLDKMES,0
Q5T4S7,4022,ITLMCLRILQKLIKPPAPTSK,0
Q9QXX4,140,DSEFVQLHFGKERKRHLTYAE,0
Q86UP2,612,AEELHKVIAEKDKQIKQTEDS,0
Q86UP2,265,LKPDQVEGIQKSGTKKLKTET,0
P68104,443,VAVGVIKAVDKKAAGAGKVTK,0
Q5T4S7,3981,EMLLLTDSISKEDSCWELRLR,0
P11983,43,KSSFGPVGLDKMLVDDIGDVT,0
P07724,198,ILTQCCAEADKESCLTPKLDG,0
Q9QWY8,242,KGVDLLQNLIKYYHAQCNFFQ,0
Q9BYV9,382,FDKGITQGDLKTDYTPFTGNY,0
Q6PKG0,204,PQPTRKLPPKKDMKEQEKGEG,0
Q9EQF5,106,TMIIDFAIPQKGSSLIEAFET,0
Q9EP89,353,SGYKYLDYMQKIFHDLDMLTT,0
P14824,456,KAMEGAGTDEKTLIEILATRT,0
Q8BLF2,216,DLDLLHKIVLKVGNLTPHLHN,0
Q8C196,892,RDILNMDKTLKGLNSDSVTEE,0
Q9H1E3,168,KKSKPERKEKKMPKPRLKATV,0
P16460,66,AKKVFIEDVSKEFVEEFIWPA,0
Q86UP2,1348,LLQAVNQQLTKEKEHYQVLEX,0
Q69ZK0,1208,DMRIPSDKQDKLHGCLEHLFN,0
Q9QWY8,294,KQLTALRDLIKSSLQLDPKEV,0
P11983,153,LGRDCLINAAKTSMSSKIIGI,0
Q3UNI1,397,DLLIVIGSSLKVRPVALIPSS,0
P11214,209,FCSTPACPKGKSEDCYVGKGV,0
P47857,727,ALVFQPVTELKDQTDFEHRIP,0
P16460,41,VIAYLANIGQKEDFEEARKKA,0
Q8BMS1,292,VYKTVEEKVKKQTKGLYPAPL,0
Q9Y619,258,GFIRTFINVVKNEGITALYSG,0
P68104,460,KVTKSAQKAQKAKXXXXXXXX,0
Q8BMS1,664,NILANLRLPAKPEVSSDEDVQ,0
Q9QWY8,232,LIKVNEIKTKKGVDLLQNLIK,0
P47806,83,PPRSSVKLTKKRALSISPLSD,0
Q9EP89,55,GLGLGLALGAKLVVGLRGAVP,0
Q91V76,148,GACLLEKYSQKYHDFGCALLA,0
Q9C026,289,QALNGLSDRAKEAKEFLVQLR,0
P11881,136,LKSNKYLTVNKRLPALLEKNA,0
Q3UJB0,526,IQEMREALQEKEEQKTMKSKM,0
E9QNN1,470,VAYERGEEPGKSCGYSVRFES,0
P12710,84,MTGEKVKAVVKLEGDNKMVTT,0
Q9H1E3,150,DDDDSDYGSSKKKNKKMVKKS,0
Q86UP2,1321,DVSPETESSEKETMSVSLNQT,0
P68104,212,LEPSANMPWFKGWKVTRKDGN,0
Q5JSZ5,426,SMSSADSADAKRTREEGKDWA,0
P68104,318,VGFNVKNVSVKDVRRGNVAGD,0
P0DMV8,550,NALESYAFNMKSAVEDEGLKG,0
P68104,439,MRQTVAVGVIKAVDKKAAGAG,0
G3UYJ7,52,DSFAQVNPLRKVPALKDGDFV,0
P11881,1116,SQDVDNYKQIKQDLDQLRSIV,0
P48962,10,XMGDQALSFLKDFLAGGIAAA,0
Q9BYV9,680,CIQNLECEIRKLVCEKEKLLS,0
Q64FW2,607,ALGSKVKAQKKKMXXXXXXXX,0
P26040,64,GFPTWLKLDKKVSAQEVRKEN,0
Q6P6M7,308,FNEPFIQDISKMYPGRASASP,0
Q5JSZ5,1194,CSEDHSGLDAKSRGPRAFGRA,0
Q8BMS1,411,QQQVFKGLNDKVKKKALTSFE,0
Q5JSZ5,117,PESLPQPGLQKSVSNLQKPTQ,0
Q5T4S7,3173,MVLRLPYQIKKITDTNSRIPP,0
Q3UJB0,449,RMNRFTVAELKQLVARPDVVE,0
P16879,356,HPRERVQLLSKRQMLQEAIQG,0
P31786,61,KGKAKWDSWNKLKGTSKESAM,0
Q9Y597,804,PTKTTPSPRHKKSDSSGQEYS,0
P14618,136,GSGTAEVELKKGATLKITLDN,0
Q9QWY8,669,CSMYGKPECLKLLLRSKPTVD,0
P47806,398,TVHGPDAHVTKRHRGDGPLPR,0
P49006,83,GAEAKGEVPPKETPKKKKKFS,0
O88844,126,NIPRLVTGWVKPIIIGRHAYG,0
Q9EQP2,512,EEFALAKHLIKIKLDGYELPN,0
Q9EQF5,147,WWSDKVKEEMKTLARDKGVNS,0
Q5JSZ5,1418,ASLGEKKELAKRSFSSQRPVV,0
Q5T4S7,4004,LSLFLMAVNIKTPVVVENITL,0
Q8C196,740,TGYPLAFIAAKIALGIPLPEI,0
Q9H1E3,199,VGRPTASKASKEKTPSPKEED,0
Q5JSZ5,1530,PRAGEQGEAMKQFDLNYGSAI,0
P97351,115,LTRDKMCSMVKKWQTMIEAHV,0
Q5JSZ5,2167,YRPSSASPSGKPSGSAVNMGS,0
Q3UJB0,560,DYQKLHDAFFKWQTKPKLTIH,0
Q9QWY8,1028,AKSQAGDVSAKVQPPSEVTQR,0
P18894,209,QIIQVEAPWIKHFILTHDPSL,0
Q5JSZ5,910,SSWDKNGSPNKQPSSEPEWTP,0
Q60932,25,AVPPTYADLGKSARDVFTKGY,0
Q93092,337,TERMFSAENGKXXXXXXXXXX,0
P23881,154,SLERSNSSKSKVETPTTPSSP,0
Q6P8V7,49,QPRLVAVSKTKPADMVIEAYG,0
Q86UP2,443,VSNTTNQLESKQSAELNKLRQ,0
P12710,46,KGVSEIVHEGKKIKLTITYGP,0
Q8BLF2,38,RIVAIKIFYEKPEKSVNKIAT,0
E9QNN1,869,AKLPIEPRFGKMMIMGCIFYV,0
Q8C196,458,AVKAMKEENVKTVLMNPNIAS,0
Q8VD72-2,477,PHFNFATVSDKIGDLQRSYVA,0
Q5T4S7,4025,MCLRILQKLIKPPAPTSKKNK,0
P60174,70,GELIGTLNAAKVPADTEVVCA,0
P11881,1419,VTHEDCIPEVKIAYINFLNHC,0
P47857,360,ECVQVTKDVTKAMDEKRFDEA,0
Q8C196,1107,DELKVAQAPWKAVNTLNEALE,0
Q9C026,514,HFNSTYNARVKAFNKTGVSPY,0
P97351,116,TRDKMCSMVKKWQTMIEAHVD,0
Q8VD72-2,184,FINLSRLNLTKYSQKPKLAKA,0
Q9EQP2,123,PGNALVVDPKKPFRKLSRFGN,0
P51814,656,EKPYVCPECGKAFIQKSHFIA,0
Q9QWY8,101,NEENYAQVLDKFGSNFLSRDN,0
P23881,315,DLLRCSKCKKKNCTYNQVQTR,0
Q5T4S7,4915,ESAALQNANTKCNGLLPVWGP,0
P26443,545,RTAAYVNAIEKVFKVYNEAGV,0
P14824,135,EQMHQLVAAYKDAYERDLESD,0
P41216,415,GIVRNNSLWDKLIFHKIQSSL,0
Q3UJB0,502,KYLQGKRGIEKPPFELPDFIK,0
Q5T4S7,4851,CREGYKFQPTKVLGIYTFTKR,0
Q920E5,76,QAFQELVEPKKQDAESLQRAL,0
Q9QWY8,745,DLDDKPSPIKKERSPRPQSFC,0
P16015,24,DHWHELYPIAKGDNQSPIELH,0
P68104,44,IDKRTIEKFEKEAAEMGKGSF,0
Q9H1E3,83,SHSAEDSEDEKEDHKNVRQQR,0
Q3UJB0,404,DKMESSAVPKKKGFEEEHKDS,0
Q9DB16,296,KTQPIVEILLKNQPKLIEFLS,0
Q3UJB0,857,VAEHAAKQKQKKRKAQPQDSR,0
Q3UJB0,165,ALLMQQEERAKQAAVLMEQER,0
Q5JSZ5,551,KAGEARKQAEKEVPWSPSAEK,0
Q3UJB0,469,EMHDVTAQDPKLLVHLKATRN,0
Q6P8V7,81,QELLEKASNPKILSSCPEIKW,0
P11983,298,TTGGIDDMYLKYFVEAGAMAV,0
A2AQC3,880,LAADFSITQFKHLGRLLMVHG,0
P68104,371,LDCHTAHIACKFAELKEKIDR,0
P62908,148,VSGKLRGQRAKSMKFVDGLMI,0
Q9BYV9,638,NDFQMMIKMHKLTSEQLEFIH,0
Q9EQP2,122,TPGNALVVDPKKPFRKLSRFG,0
Q86UP2,180,SKNGSDDQDKKVETLMVPSKR,0
P26443,258,DINAHACVTGKPISQGGIHGR,0
Q5JSZ5,290,DMLPAFMCSPKSSENQGTVER,0
Q8BLF2,369,KVRVIKAKGGKGDVPDQKKPE,0
Q5T4S7,4630,IPYLSFGEVEKMQILVERFKP,0
P11214,114,VCQCPDGFVGKRCDIDTRATC,0
Q64FW2,181,GRKEYIQGLKKKFPKEEAVID,0
Q8BLF2,463,HPNSRLTERTKKRRTSSQTIG,0
Q86UP2,711,KILNDQNKALKSEVQKLQTLV,0
Q3UJB0,10,XMAAEHPEPPKGELQLPPPPP,0
P51814,479,RMHQRIHTGEKPYVCADCGKA,0
Q5T4S7,2421,PAGVTMIDAVKIYGKTKEQFG,0
P31786,17,DKAAEEVKRLKTQPTDEEMLF,0
Q5T4S7,3485,FSLKTPQTEKKLKEYSQKAVE,0
Q8C196,942,RLKKNIHPWVKQIDTLAAEYP,0
P51814,684,EKPYECSDCGKCFTKKSQLRV,0
Q5T4S7,4073,DPKASYDAWKKCLPIRGIDGN,0
P97351,219,DVFVRKVKMLKKPKFELGKLM,0
Q3UJB0,436,KPEAPKLSKKKLRRMNRFTVA,0
Q5T4S7,2203,KPDTFLIQEIKTLPAKAKIQD,0
Q9QWY8,1005,LSDLPPKPQMKDLPPKPQLGD,0
Q8BLF2,522,RKLNFPKCDRKEFHFPELPFT,0
Q86UP2,870,SKVQELQNLLKGKEEQMNTMK,0
Q8C196,90,YPEALTDPAYKGQILTMANPI,0
Q3UNI1,264,YFRKDPRPFFKFAKEIYPGQF,0
Q60932,47,FGLIKLDLKTKSENGLEFTSS,0
B1AS29,404,IISLKEDGLEKVGVWSPADGL,0
Q3UJB0,798,IYDMSTVMSRKGPAPELQGVE,0
P68104,62,GSFKYAWVLDKLKAERERGIT,0
Q8C196,1100,SIFSAVLDELKVAQAPWKAVN,0
Q922Q1,173,EVAQWFTNYLKTQAYRLVQFD,0
Q9EQF5,143,VAVTWWSDKVKEEMKTLARDK,0
Q5T4S7,5143,PIYEAADKALKTFQEEFMPVE,0
Q9H1E3,69,EDSEDKDVKTKKDDSHSAEDS,0
P62814,460,LYLEFLQKFEKNFITQGPYEN,0
Q5T4S7,498,FQDLQVEALHKGWETDGPPAA,0
P49006,7,XXXXMGSQSSKAPRGDVTAEE,0
P06733,221,GGFAPNILENKEGLELLKTAI,0
B1AS29,798,EEDKLHIMKEKWWRGSGCPEE,0
Q69ZK0,435,DRRRKLSTVPKCFLGNEFVAW,0
Q9Y597,769,FEGGGFLGRKKVPYLASSPST,0
P41216,250,KKCGVEIISLKALEDLGRVNR,0
Q8C196,841,KEWPANLDLKKELSEPSSTRI,0
P99028,40,TVREHCEQLEKCVKARERLEL,0
P47806,931,PNQELPYQSPKFLGGSQVSQS,0
Q69ZK0,132,SQHELGNVFLKFKDKFCVYEE,0
P47857,16,HHAAKTLGIGKAIAVLTSGGD,0
P07724,298,MCENQATISSKLQTCCDKPLL,0
Q6PKG0,881,KFQHPSHELLKENGFTQHVYH,0
Q5RL73,93,AEDFTEVYLIKFMNLQSARTA,0
Q3UJB0,855,DMVAEHAAKQKQKKRKAQPQD,0
Q8VD72-2,190,LNLTKYSQKPKLAKALFEYIL,0
P02088,9,XXMVHLTDAEKAAVSCLWGKV,0
Q8C196,1029,TVSTDFDECDKLYFEELSLER,0
P11881,861,RFPFSDKEKNKLTFEVVNLAR,0
Q9QWY8,231,YLIKVNEIKTKKGVDLLQNLI,0
Q91V76,215,GTFIVQKGKVKAHIMPAEFSS,0
B1AS29,879,SLTCQRRLKHKPQPPMMVKTD,0
Q9EQP2,302,AAVRKLNDLIKRARLAKVHAY,0
Q5T4S7,2208,LIQEIKTLPAKAKIQDMVAIR,0
O09172,94,DEREEMKVSAKLFIVGSNSSS,0
Q5JSZ5,1309,FRRRRPPRQDKPPRFRRLRQE,0
A2AQC3,413,ISLRVNLDMGKIVYSWVIRRD,0
C9J5S8,127,QKDISQGLKFKEAYEREVSLK,0
P26443,211,ITRRFTMELAKKGFIGPGIDV,0
Q93092,245,GASFRNTGEIKALAGCDFLTI,0
P14869,77,GHLENNPALEKLLPHIRGNVG,0
Q5T4S7,1141,VQVSLDEHFSKMAAETDPHKS,0
P11881,4,XXXXXXXMSDKMSSFLHIGDI,0
P23881,227,EIEDHIYQELKSTDMKYRNRV,0
O88844,65,QVTKDAAEAIKKYNVGVKCAT,0
Q9QWY8,887,GPLSSSKTANKFEGLSQQAST,0
O55143,262,KLDEFGEQLSKVISLICIAVW,0
P23881,205,SAALKAEDNFKDYGVNCDKLA,0
P14869,301,AAAAPAKAEAKEESEESDEDM,0
P11881,2729,KDQMTEQRKQKQRIGLLGHPP,0
Q3UJB0,77,RPVLRGEDGDKAAPPPMSAQL,0
Q8C196,630,ILVERSVTGWKEIEYEVVRDA,0
P97351,19,LTKGGKKGAKKKVVDPFSKKD,0
Q8C196,26,SGFGFANVTTKRQWDFSRPGI,0
P51814,773,CSKCGKAFIQKATLSMHQIIH,0
P99028,86,RDHCVAHKLFKNLKXXXXXXX,0
O55143,585,MHLEDSANFIKYETNLTFVGC,0
P18894,32,RYHPTQPLHMKIYADRFTPFT,0
P99028,8,XXXMGLEDERKMLTGSGDPKE,0
Q91V76,74,GVPYLLPLVNKKKVYDLNEIA,0
Q9DB16,256,TKYISKPENLKLMMNLLRDKS,0
Q5T4S7,962,ACDVLFSKLVKYDELYAALTA,0
Q9EQF5,335,SDNCTFNTCQKALGKDDFTKI,0
Q86UP2,681,MQQSVYVKDDKIRLLEEQLQH,0
P07724,267,KLATDLTKVNKECCHGDLLEC,0
P62908,185,VLLRQGVLGIKVKIMLPWDPS,0
Q9QXX4,104,VAFQLFDKAGKGEVTFEDVKQ,0
P16460,165,KGRNDLMEYAKQHGIPIPVTP,0
P23881,268,SGAISPELIAKMTAEEMASDE,0
Q9BYV9,98,GPLLQFAYTAKLLLSRENIRE,0
P14824,53,ILELITSRSNKQRQEICQNYK,0
Q99L47,131,IEALNDGELQKAIDLFTDAIK,0
Q3UNI1,466,NPVKLSEITEKPPRPQKELVH,0
P61982,91,MVRAYREKIEKELEAVCQDVL,0
Q9QXX4,164,FLLEIQLEHAKQAFVQRDNAK,0
Q5T4S7,255,ASLQELGGSEKLLRVCLNLPY,0
Q5T4S7,159,ITFTAMMKSAKLPQTVKTLSD,0
Q69ZK0,1613,CVMQATDIMRKQGPRVEILAK,0
Q5T4S7,1429,LSAKFCNRVLKFFTKLFQLTE,0
P51814,806,KAFTDRSNLIKHQKMHSGEKR,0
P11983,102,SVVIIAAELLKNADELVKQKI,0
Q3UL97,39,LNKSTNVEAPKTTVGTNIPNG,0
Q9EP89,346,AAIVERASGYKYLDYMQKIFH,0
Q86UP2,761,LETGLIQVATKEEELNAIRTE,0
Q99L47,189,DSAQPYKWRGKAHRLLGHWEE,0
Q5JSZ5,150,GPKSWAQLNGKPVGHEGGLRG,0
Q5T4S7,4474,DEEEDEEEVYKMAGVMAQCGG,0
Q8BLF2,41,AIKIFYEKPEKSVNKIATREI,0
Q8C196,1149,MNVVFSEDEMKRFLEEATRVS,0
P23881,31,KKTEGALDLLKKLNSCQMSIQ,0
Q9DB16,94,ADLQLIDFEGKKDVTQIFNNI,0
Q8C196,603,GGLGSGICPNKETLIDLGTKA,0
A6ZI44,371,QASALKAWGGKKENLKAAQEE,0
P26443,444,GVTVSYFEWLKNLNHVSYGRL,0
Q5JSZ5,1350,PGRPKLCSGDKSGTVGRRSPE,0
Q86UP2,920,HVQEVAQHNLKEASSASQFEE,0
Q5JSZ5,1466,YESQQNGTPLKVKRSPDEALP,0
E9QNN1,594,MTQFIPPPKDKKKKDKEDDGG,0
P16879,557,RAVPKDKWVLKHEDLVLGEQI,0
C9J5S8,30,LPSKVPAFSDKDSLGDEMLAA,0
P14824,3,XXXXXXXXMAKIAQGAMYRGS,0
Q3UJB0,304,TEEDTVSISKKEKNRKRRNRK,0
Q86UP2,670,EQAAAAHELEKMQQSVYVKDD,0
Q5T4S7,1660,EDSDEDSLCNKLCTFTITQKE,0
Q64FW2,337,AGRACGVSVKKGQELVNIYCP,0
Q9Y597,237,WTIERVALNAKVVGGPHGDKD,0
Q5JSZ5,537,AKLKQLDQKCKQARKAGEARK,0
P62900,5,XXXXXXMAPAKKGGEKKKGRS,0
P48962,295,AFVLVLYDEIKKYVXXXXXXX,0
Q86UP2,806,VEELKKVIHEKDGKIKSVEEL,0
Q93092,7,XXXXMSGSPVKRQRMESALDQ,0
Q9EP89,263,LKEKGGKNNEKSDAPKAKVEQ,0
P11881,412,TNIPIDKEEEKPVMLKIGTSP,0
Q93092,219,QEDPGVKSVTKIYNYYKKFGY,0
Q5RL73,362,PEDVHTSHPLKQRRRIXXXXX,0
E9QNN1,595,TQFIPPPKDKKKKDKEDDGGE,0
P51814,353,CDKSNKVFPQKPQVDVHPSVY,0
P07724,562,ALAELVKHKPKATAEQLKTVM,0
P14618,261,VHEVRKVLGEKGKNIKIISKI,0
Q3UJB0,871,AQPQDSRGGSKKYKEFKFXXX,0
Q3UJB0,435,KKPEAPKLSKKKLRRMNRFTV,0
Q9QWY8,513,ISRIQSLELDKLGTSELLLAK,0
Q9C026,526,FNKTGVSPYSKTLVLQTSEVA,0
O88844,408,MDKLGENLKAKLAQAKLXXXX,0
Q69ZK0,702,PLRLLVATKAKETIKVPDHPE,0
Q8BMS1,436,FSNLIGQLDYKGFEKADMVIE,0
Q8C196,532,KRGVLKEYGVKVLGTSVESIM,0
Q86UP2,61,KTDKKKAEKKKNKKKEIQNGN,0
P26443,162,YSTDVSVDEVKALASLMTYKC,0
A2AQC3,71,DSIPLQPVRHKKRVDSRPRAG,0
P49722,165,YFAWKATAMGKNYVNGKTFLE,0
P11881,2650,YLCFIVLVKVKDSTEYTGPES,0
Q5JSZ5,186,KAAGGQDKAGKEKGVLDLSYG,0
Q8C196,12,TRILTACKVVKTLKSGFGFAN,0
Q5T4S7,4032,KLIKPPAPTSKKNKDVPVEAL,0
Q86UP2,117,TSSSVRERKKKEKKQKPVLEE,0
P17844,53,KKKWNLDELPKFEKNFYQEHP,0
P07724,264,EITKLATDLTKVNKECCHGDL,0
O09172,205,VMPPDLTAFAKQFDIQLLTHN,0
P47857,690,GAKAMNWMSGKIKESYRNGRI,0
Q8C196,919,EIGFSDKQISKCLGLTEAQTR,0
P48962,94,TQALNFAFKDKYKQIFLGGVD,0
Q8C196,55,TAHIVLEDGTKMKGYSFGHPS,0
Q9Y619,234,WLAVYPVDCIKSRIQVLSMSG,0
Q9DB16,9,XXMKKMPLFSKSHKNPAEIVK,0
P47806,332,KTHLRSHTGEKPYMCEQEGCS,0
Q9EQP2,223,QDDKIRVVLNKADQVDTQQLM,0
P15259,43,KGTEEAKRGAKAIKDAKMEFD,0
P07724,375,YSVSLLLRLAKKYEATLEKCC,0
P68104,5,XXXXXXMGKEKTHINIVVIGH,0
Q9DAY2,238,LRLLKCLITGKDCXXXXXXXX,0
P06733,28,PTVEVDLFTSKGLFRAAVPSG,0
Q5T4S7,3551,PFCYIKLSSIKVDTRYTTTQQ,0
P07724,257,FPNADFAEITKLATDLTKVNK,0
Q69ZK0,481,IHHVSDKHQFKNEQVMYRFRY,0
Q9EQP2,360,QISAGDFPEVKAMQEQLENYD,0
P68104,219,PWFKGWKVTRKDGNASGTTLL,0
E9QNN1,597,FIPPPKDKKKKDKEDDGGEDD,0
P11881,1185,VVKEILIRLSKLCVQESASVR,0
P41216,522,KGANVFKGYLKDPARTAEALD,0
P61982,162,KAYSEAHEISKEHMQPTHPIR,0
Q9EP89,226,SGIRHYEKDIKKVKEEKAYKA,0
Q5T4S7,3492,TEKKLKEYSQKAVEILRTQNH,0
P35585,199,VLRSEIVGSIKMRVFLSGMPE,0
Q9QXX4,260,TKEEFALAAQKFGQVTPMEVD,0
Q5T4S7,4122,RGKRTSPLDLKLGHNNWLRQV,0
P11881,1684,VLQTLREMMTKDRGYGEKQIS,0
Q5T4S7,4517,VLLKLFSYCVKVKVNRQQLVK,0
Q5T4S7,4355,EVTEFFVTLEKDPQQEDFLQG,0
Q64FW2,374,PETVRHLPDVKKQLAMVRPGL,0
Q5T4S7,2004,PQLATGNFIIKAVWLPGSQTE,0
Q64FW2,87,GGLASAAVLAKAGKRVLVLEQ,0
Q8BLF2,33,HKDTGRIVAIKIFYEKPEKSV,0
Q5RL73,163,VTKKKLVTEHKDTEDFRQDFH,0
Q8VD72-2,287,ALNLFKQGLDKFPGEVTLLCG,0
Q5T4S7,3242,TLDSHVRGIKKLLEEQGIFLR,0
Q69ZK0,508,ARSELEDIMSKGVRLYCRLHS,0
E9QNN1,196,ARLNQYFQKEKIQGEYKYTQV,0
Q8BLF2,73,VNLIEVFRQKKKIHLVFEFID,0
Q9BYV9,232,KDALTQYPRYKKYQLACTKNV,0
Q5JSZ5,1222,CGYGRRTFVSKESPHWQSKSP,0
P61982,142,RYLAEVATGEKRATVVESSEK,0
E9PZS8,72,LQKFFQPPFLKENSLLQFGPL,0
P41216,144,IGSGLIQKGFKPCSEQFIGLF,0
O88844,413,ENLKAKLAQAKLXXXXXXXXX,0
Q3UL97,299,SPSFTLKSTSKAVLRSKEIIP,0
P61604,70,IQPVSVKVGDKVLLPEYGGTK,0
P15259,39,ELSEKGTEEAKRGAKAIKDAK,0
P31786,83,TYVEKVDELKKKYGIXXXXXX,0
A2AQC3,780,AHLELNAFRRKHDCALVISGD,0
Q86UP2,270,VEGIQKSGTKKLKTETDKENA,0
P0DMV8,361,QDFFNGRDLNKSINPDEAVAY,0
Q91V76,256,PLVCLPVFVSKDPGLDLRLEH,0
Q8BLF2,554,KQIKVLKRESKKTDSSKIPTL,0
E9QNN1,278,KKEGERVEPYKVFLSPDLELQ,0
A2AQC3,662,EGLRVLVVAKKSLTEEQYQDF,0
P11214,191,RDLKPWCYVFKAGKYTTEFCS,0
P14824,68,ICQNYKSLYGKDLIEDLKYEL,0
P11881,259,KFLTCDEHRKKQHVFLRTTGR,0
P0DMV8,3,XXXXXXXXMAKAAAIGIDLGT,0
Q9EQF5,339,TFNTCQKALGKDDFTKIPNGV,0
Q3UL97,442,FGRYGPFCNIKSIPRFSENLT,0
P17844,340,IRLMEEIMSEKENKTIVFVET,0
P26040,139,AVQAKFGDYNKEMHKSGYLSS,0
P51814,114,HLLSVGYQIPKSEAAFKLEQG,0
P99028,89,CVAHKLFKNLKXXXXXXXXXX,0
Q5T4S7,1785,GKVADEEKPKKSSLCRTVEGC,0
Q5T4S7,1782,ISDGKVADEEKPKKSSLCRTV,0
Q9DB16,19,KSHKNPAEIVKILKDNLAILE,0
Q5T4S7,4033,LIKPPAPTSKKNKDVPVEALT,0
P26443,147,AQHSQHRTPCKGGIRYSTDVS,0
P07724,421,LVKTNCDLYEKLGEYGFQNAI,0
Q69ZK0,307,KRKSRVTGSKKSTKRTKSING,0
P11881,1310,ETHGRNVQYIKFLQTIVKAEG,0
P11881,235,KWSDNKDDILKGGDVVRLFHA,0
Q6PKG0,930,SFFLRDHFNKKMYEEFKQLAL,0
Q5T4S7,432,LNLSPTALADKGKEKDPLAAL,0
P26040,450,DEVEEWQHRAKEAQDDLVKTK,0
Q9QWY8,976,PKPQVGELPPKPGELPPKPQL,0
Q86UP2,208,QETKQESGSGKKKASSKKQKT,0
Q5T4S7,1395,EKQLESSQARKAMEEFFSDSG,0
Q8C196,1309,PIIPSDYVAIKAPMFSWPRLR,0
Q9C026,656,TIGVLLDLNRKNLTFFINDEQ,0
Q3UJB0,877,RGGSKKYKEFKFXXXXXXXXX,0
Q8BH04,322,AMMRPALPGWKVECVGDDIAW,0
Q5T4S7,5022,KNLQGFLEQPKEKWVESAFEV,0
Q3UJB0,492,PVPRHWCFKRKYLQGKRGIEK,0
P14869,57,LRGKAVVLMGKNTMMRKAIRG,0
D3YYI5,220,APTDAAKAVSKVIPELNGKLT,0
Q3UL97,263,NLSNSPNSMIKVGPVEKKFDF,0
P11881,1886,VNTSDLGNKKKDDEVDRDAPS,0
Q69ZK0,177,LLSCMLLGGRKTTDIPLEGYL,0
A2AQC3,1102,RRRFSPPSYSKLTSXXXXXXX,0
P47857,744,HRIPKEQWWLKLRPILKILAK,0
G3UYJ7,78,AILLYLSRKYKAPDHWYPQDL,0
Q86UP2,1197,QELERLRSENKDIENLRRERE,0
Q9BYV9,240,RYKKYQLACTKNVYNASSHST,0
P47857,476,KLGTKRTLPKKNLEQISANIT,0
P0DMV8,568,LKGKISEADKKKVLDKCQEVI,0
Q9H1E3,219,DEEPESPPEKKTSTSPPPEKS,0
P02088,96,FASLSELHCDKLHVDPENFRL,0
P16879,658,LRTEGARLRVKTLLQMVGDAA,0
P11881,2557,GVGDVLRKPSKEEPLFAARVI,0
P11214,2,XXXXXXXXXMKRELLCVLLLC,0
Q9Y597,520,KLFVRLSSTGKRICEIQAVDC,0
E9QNN1,14,IKNFLYAWCGKRKMTPAYEIR,0
P11881,2167,ILAHQLARHNKELQTMLKPGG,0
P16879,677,AAAGMEYLESKCCIHRDLAAR,0
O55143,252,TEQERTPLQQKLDEFGEQLSK,0
P17844,45,GNPGEKLVKKKWNLDELPKFE,0
Q9EQP2,245,VYGALMWSLGKVINTPEVLRV,0
P68104,146,HALLAYTLGVKQLIVGVNKMD,0
P11881,857,VVCQRFPFSDKEKNKLTFEVV,0
P47857,617,VNVEHLVQKMKTTVKRGLVLR,0
P0DMV8,319,LFRSTLEPVEKALRDAKLDKA,0
P14618,115,YRPVAVALDTKGPEIRTGLIK,0
Q99L47,362,SNPKVMNLISKLSAKFGGQSX,0
P23881,73,EVVSLAKVLIKNWKRLLDSPR,0
P47806,374,PYVCKLPGCTKRYTDPSSLRK,0
Q64FW2,603,SDLQALGSKVKAQKKKMXXXX,0
Q9Y597,81,FAPILNFLRTKELDLRGVSIN,0
E9QNN1,1077,PLQLLLFASKKVQSDGQIVFI,0
Q8BLF2,376,KGGKGDVPDQKKPEYEGDHRQ,0
P16460,412,YHRLQSKVTAKXXXXXXXXXX,0
P11881,962,EGNVKQAEPEKEDIMVMDTKL,0
P16879,453,PPLQLVPEVQKPLYEQLWYHG,0
P14824,580,TNYDIEHVIKKEMSGDVKDAF,0
Q5JSZ5,469,HGWAPGPDYQKSSMGSMFRQQ,0
P11881,451,RDLDFANDASKVLGSIAGKLE,0
Q9EQP2,150,MCSQLPNQVLKSISIIDSPGI,0
P97351,214,IYPLHDVFVRKVKMLKKPKFE,0
Q69ZK0,532,PVIKDRDYHLKTYKSVVPGSK,0
Q86UP2,535,KENEVQSLHSKLTDTLVSKQQ,0
D3YYI5,216,NIIPAPTDAAKAVSKVIPELN,0
Q5T4S7,1569,AAVDWLSRCKKYLSQKNVVEK,0
P06733,80,NKTIAPALVSKKLNVTEQEKI,0
P62814,215,QICRQAGLVKKSKDVVDYSEE,0
Q9DB16,34,NLAILEKQDKKTDKASEEVSK,0
Q9QWY8,883,GNDVGPLSSSKTANKFEGLSQ,0
Q5T4S7,1696,DGVGVCTVCAKVCHKDHEISY,0
E9PZS8,11,MYYKFSSFTQKLAGAWASEAY,0
P62900,11,MAPAKKGGEKKKGRSAINEVV,0
P11881,2727,ELKDQMTEQRKQKQRIGLLGH,0
P26443,326,SMRYLHRFGAKCVGVGESDGS,0
Q69ZK0,418,GEKLYHMMMSKKVNLIKDRRR,0
Q9D020,235,FMDFDENGVLKGFKGELIHVF,0
P51814,765,HTGERHYECSKCGKAFIQKAT,0
Q9EP89,256,PSDQEKELKEKGGKNNEKSDA,0
P11881,1571,LFLKSHNIVQKTALNWRLSAR,0
P47857,466,VGGWTGQGGSKLGTKRTLPKK,0
A2AQC3,544,NGVTDQAEAEKQFEDSCRVYQ,0
P15259,49,KRGAKAIKDAKMEFDICYTSV,0
P11881,2648,WHYLCFIVLVKVKDSTEYTGP,0
Q5RL73,139,EETRKKLQMRKAYVVKTTENK,0
P14824,299,IREIFRTKYEKSLYSMIKNDT,0
P97351,56,KTLVTRTQGTKIASDGLKGRV,0
Q9QXX4,581,LREEGPKALWKGVAARVFRSS,0
Q93092,277,NSKLAPALSVKAAQTSDSEKI,0
B1AS29,490,SYEIRLVEDGKYGAQDDKGQW,0
P47857,615,LQVNVEHLVQKMKTTVKRGLV,0
P26443,457,NHVSYGRLTFKYERDSNYHLL,0
A2AQC3,505,PAQKGPTVTTKVRRTMSSRVH,0
P02088,66,MGNAKVKAHGKKVITAFNDGL,0
Q8C196,1348,FGEGIHTAFLKAMLSTGFKIP,0
Q6P8V7,90,PKILSSCPEIKWHFIGHLQKQ,0
A2AQC3,954,MFPVFSLVLDKDVKSEVAMLY,0
P06733,197,EVYHNLKNVIKEKYGKDATNV,0
Q9BYV9,838,DKCTTDEQPRKDYTXXXXXXX,0
Q60932,45,YGFGLIKLDLKTKSENGLEFT,0
P41216,387,RIFGQANTSLKRWLLDFASKR,0
Q5JSZ5,904,GTAFNISSWDKNGSPNKQPSS,0
Q5JSZ5,487,RQQSIEDKEDKPPPRQKFIQS,0
Q9EQP2,127,LVVDPKKPFRKLSRFGNAFLN,0
P11881,2607,SEKQKKEEILKTTCFICGLER,0
Q8C196,1291,KVMIGESIDEKRLPTLEQPII,0
P11881,2088,KKRMDLVLELKNNASKLLLAI,0
Q5T4S7,2024,ELAIVTADFVKIYDLCVDALS,0
Q69ZK0,639,DYGFDLEEKNKAVVVKSVQRG,0
Q69ZK0,159,KALRLLVELNKVPAVRAFLLS,0
Q8C196,527,GVELFKRGVLKEYGVKVLGTS,0
O55143,329,LALGTRRMAKKNAIVRSLPSV,0
P47806,660,HPAPARVQRFKSLGCVHTPPS,0
P11881,501,GQDVLEVVFSKPNRERQKLMR,0
Q5T4S7,2560,KAVQCLNTSSKEGKDLDPEVF,0
Q5JSZ5,2142,EMKGFHFADSKQNVPSGGPVP,0
P14824,406,AQRQQIRQTFKSHFGRDLMAD,0
P11214,537,IISWGLGCGQKDVPGVYTKVT,0
Q9DB16,59,MKEILCGTNDKEPPTEAVAQL,0
P15259,157,PGELPTCESLKDTIARALPFW,0
P11881,1871,DRMKVAQQEIKATVTVNTSDL,0
P26040,564,HNENMRQGRDKYKTLRQIRQG,0
P11881,109,EKKQNETENRKLLGTVIQYGN,0
Q8C196,880,LTSIDKWFLYKMRDILNMDKT,0
Q5T4S7,3071,VFMSRTKSGSKSSICESSSLI,0
P26040,327,QLERQQLETEKKRRETVEREK,0
Q3UL97,166,PNTLPSNTVCKVTDSEAMNLN,0
Q8C196,793,GTSSRIGSSMKSVGEVMAIGR,0
Q86UP2,163,TPPSEAAASKKKPGQKKSKNG,0
Q86UP2,1056,TEKMLQDKVNKTSKERQQQVE,0
P11881,1257,GNQQNQALLHKHINLFLNPGI,0
Q5T4S7,3292,IAAQRTINWQKFCIKDDSVLY,0
Q86UP2,248,DNADSSPVVDKREVIDLLKPD,0
Q5T4S7,4427,LDLPVAEVYKKVWCTTNEGEP,0
P51814,697,TKKSQLRVHQKIHTGEKPNIC,0
P26040,577,TLRQIRQGNTKQRIDEFEAMX,0
Q9EQP2,308,NDLIKRARLAKVHAYIISYLK,0
Q5JSZ5,943,TGRTRRSGPIKKPVLKALKVE,0
Q3UNI1,573,ERTSVAETVRKCWPNRLAKEQ,0
Q3UNI1,330,ATASCLICKYKVDCEAVRGDI,0
B1AS29,791,IAILQLQEEDKLHIMKEKWWR,0
Q86UP2,162,PTPPSEAAASKKKPGQKKSKN,0
Q6P6M7,116,PKAAGSSLLNKITNSLVLNVI,0
P26040,566,ENMRQGRDKYKTLRQIRQGNT,0
Q86UP2,974,QDVQDENKLFKSQIEQLKQQN,0
Q8C196,402,DSFFSLIKKGKGTTITSVLPK,0
Q69ZK0,1074,IQDAYLQLFTKLDVALKEMKQ,0
Q93092,226,SVTKIYNYYKKFGYKTIVMGA,0
Q920E5,353,ELANKIYKRRKXXXXXXXXXX,0
B1AS29,811,RGSGCPEEENKEASALGIQKI,0
P49006,88,GEVPPKETPKKKKKFSFKKPF,0
P0DMV8,595,TLAEKDEFEHKRKELEQVCNP,0
Q3UL97,269,NSMIKVGPVEKKFDFVIDLTR,0
Q8C196,889,YKMRDILNMDKTLKGLNSDSV,0
Q3UL97,24,AKKTMPTSYQKQLEILNKSTN,0
Q8BMS1,190,PGAGGTQRLPKMVGVPAAFDM,0
P26040,400,EADRMAALRAKEELERQAQDQ,0
P11881,604,TITALLHNNRKLLEKHITAAE,0
P14869,106,TEIRDMLLANKVPAAARAGAI,0
Q5T4S7,3614,ELKNKPARWHKAKKVQLTPGQ,0
Q5JSZ5,457,KAPDPQPPPRKLHGWAPGPDY,0
Q93092,286,VKAAQTSDSEKIHLDEKAFRW,0
P23881,32,KTEGALDLLKKLNSCQMSIQL,0
Q6PKG0,65,RPRPPCAKPHKEGTGQQERES,0
Q8C196,44,PGIRLLSVKAKTAHIVLEDGT,0
P62900,12,APAKKGGEKKKGRSAINEVVT,0
P97351,249,GKAAGDETGAKVERADGYEPP,0
P14174,33,LTQQLAQATGKPPQYIAVHVV,0
Q9DB16,2,XXXXXXXXXMKKMPLFSKSHK,0
Q9DB16,278,NIQFEAFHVFKVFVASPHKTQ,0
P0DMV8,56,DTERLIGDAAKNQVALNPQNT,0
P49006,110,LSGLSFKRNRKEGGGDSSASS,0
P18894,336,NLFGKILEEKKLSRLPPSHLX,0
Q60932,74,TTKVNGSLETKYRWTEYGLTF,0
Q64FW2,164,LMILEGPNGRKEFPMYSGRKE,0
Q9Y619,158,KSQNTVWSVIKSILRKDGPLG,0
P17844,295,EVRQLAEDFLKDYIHINIGAL,0
Q3UL97,421,CTLSQNLASTKYYFAVQSKDI,0
P41216,396,LKRWLLDFASKRKEAELRSGI,0
E9QNN1,1040,VNCPFSSQDMKYPSPFFVFGE,0
P26443,352,GIDPKELEDFKLQHGSILGFP,0
P47857,557,NTICTTCDRIKQSAAGTKRRV,0
Q5JSZ5,975,ELGEESTRLAKEKEQSPTAEK,0
P48962,166,GLGDCLTKIFKSDGLKGLYQG,0
P15259,46,EEAKRGAKAIKDAKMEFDICY,0
P14869,266,EYTFPLTEKVKAFLADPSAFA,0
P26443,386,CDILIPAASEKQLTKSNAPRV,0
Q8VD72-2,193,TKYSQKPKLAKALFEYILHHE,0
P31786,63,KAKWDSWNKLKGTSKESAMKT,0
Q86UP2,938,FEELEIVLKEKENELKRLEAM,0
Q5T4S7,3734,DPIENEEDRKKAVSNINTLLD,0
Q9C026,257,PVCYQCLEEGKHSSHEVKALG,0
Q86UP2,861,EKAQQLSITSKVQELQNLLKG,0
Q5T4S7,3146,MSPFFLRQYVKGHAADVFEAY,0
P61604,80,KVLLPEYGGTKVVLDDKDYFL,0
P11983,247,LDFSLQKTKMKLGVQVVITDP,0
O88844,236,IFQEIYDKKYKSQFEAQKICY,0
O88844,66,VTKDAAEAIKKYNVGVKCATI,0
P97351,85,QNDEVAFRKFKLITEDVQGKN,0
P68104,36,HLIYKCGGIDKRTIEKFEKEA,0
P17844,360,TKRRCDELTRKMRRDGWPAMG,0
O88844,164,ITYTPKDGTQKVTYMVHDFEE,0
Q9QWY8,777,ALPGFSTPRDKQRLSYGAFTN,0
P12710,78,ECELETMTGEKVKAVVKLEGD,0
O55143,31,STGLSLEQVKKLKERWGSNEL,0
O09172,49,HSEELRDCIQKTLNEWSSQIS,0
P51814,787,SMHQIIHTGKKPYACTECQKA,0
Q3UJB0,714,EEEEEESDEDKPDETGFITPA,0
Q6PKG0,944,EFKQLALEDAKEGYRYGLECL,0
Q9QWY8,941,RTNIPPETFQKSSQLTELPQK,0
P62908,108,AIAQAESLRYKLLGGLAVRRA,0
Q9QWY8,184,ETKFTKIEKEKREHAKQHGMI,0
P0DMV8,526,ERMVQEAEKYKAEDEVQRERV,0
P51814,348,EKSRECDKSNKVFPQKPQVDV,0
Q5T4S7,3379,KSKKEEKEKEKDGETSGSQED,0
Q5T4S7,3608,TVQAIVELKNKPARWHKAKKV,0
P49006,91,PPKETPKKKKKFSFKKPFKLS,0
P97351,166,AQHQQVRQIRKKMMEIMTREV,0
Q9EP89,254,PPPSDQEKELKEKGGKNNEKS,0
O88844,260,LIDDMVAQAMKSEGGFIWACK,0
Q6PKG0,482,EKVRRREEPEKWPLPPIVDYS,0
Q5JSZ5,1569,GEGFIEVLTKKQRRLLEEERR,0
P51814,445,SQNSDLSIHQKTHTGEKHYEC,0
Q86UP2,272,GIQKSGTKKLKTETDKENAEV,0
Q9QWY8,992,PKPQLGDLPPKPQLSDLPPKP,0
P26040,230,VDALGLNIYEKDDKLTPKIGF,0
P51814,432,EKPYECSECGKGFSQNSDLSI,0
Q5T4S7,1963,TVLSLTGNPCKEDYLAVCGLK,0
Q9Y597,211,YAHFAVCYRIKESSGWQQVFT,0
P16879,488,GDFLVRESQGKQEYVLSVMWD,0
Q9D020,238,FDENGVLKGFKGELIHVFNKH,0
Q8C196,757,LPEIKNVVSGKTSACFEPSLD,0
Q922Q1,156,HNCRLFGLDIKGRDCGDEVAQ,0
P35585,72,HNNLYLVATSKKNACVSLVFS,0
Q5T4S7,2740,DDDDDDDADEKMQSSGIPNGG,0
Q93092,292,SDSEKIHLDEKAFRWLHNEDQ,0
P11881,2118,AERILYNMRPKELVEVIKKAY,0
P11881,2602,FADLRSEKQKKEEILKTTCFI,0
Q5T4S7,2498,SCFAVGPIIEKERNKNAAQEL,0
Q5T4S7,3042,LGMDKKDVSKKNERSALNEVH,0
Q6P6M7,208,LRTDLKAVEAKIQELGPEHIL,0
Q69ZK0,1245,AFEETRHFPMKHSWQEFKQKE,0
Q86UP2,385,RMKDRIGTLEKEHNVFQNKIH,0
Q6PKG0,203,KPQPTRKLPPKKDMKEQEKGE,0
P47806,305,MRRHTGEKPHKCTFEGCRKSY,0
